-- users
DROP TABLE IF EXISTS `users`;

CREATE TABLE `users` (
  `id` bigint(20) unsigned NOT NULL AUTO_INCREMENT,
  `firstname` varchar(100) COLLATE utf8_unicode_ci DEFAULT NULL,
  `lastname` varchar(100) COLLATE utf8_unicode_ci DEFAULT NULL COMMENT 'Фамилия',
  `email` varchar(100) COLLATE utf8_unicode_ci DEFAULT NULL,
  `password_hash` varchar(100) COLLATE utf8_unicode_ci DEFAULT NULL,
  `phone` bigint(20) DEFAULT NULL,
  `is_deleted` bit(1) DEFAULT b'0',
  PRIMARY KEY (`id`),
  UNIQUE KEY `id` (`id`),
  UNIQUE KEY `email` (`email`),
  KEY `users_firstname_lastname_idx` (`firstname`,`lastname`)
) ENGINE=InnoDB AUTO_INCREMENT=11 DEFAULT CHARSET=utf8 COLLATE=utf8_unicode_ci;

INSERT INTO `users` (`id`, `firstname`, `lastname`, `email`, `password_hash`, `phone`, `is_deleted`) VALUES ('1', 'Icie', 'Kihn', 'windler.maida@example.org', 'e75890e7605bcbd2b46e9ba8478759cf1ff71c2d', '84', 0),
('2', 'Onie', 'Grant', 'little.sherwood@example.com', '7c2b8a5b9e29939bbc66a83b14cf85fb852032be', '1', 0),
('3', 'Otha', 'Brown', 'dario.stokes@example.com', 'e053957514767644f8a8480e3a44a9ef1c954e2c', '1', 0),
('4', 'Jesus', 'Barrows', 'kovacek.hyman@example.com', '86e094206188b79d279b0dec205ad2e4c818db33', '0', 0),
('5', 'Sandy', 'West', 'rodrick.dicki@example.org', '3abb3245497fc1edef9aa84885599e46cb9b039e', '237', 0),
('6', 'Mina', 'Lind', 'frieda42@example.net', '810df2b67706d72943a7dc21fa68ced351e63569', '41', 1),
('7', 'Estell', 'Kiehn', 'marcellus.fritsch@example.com', '30186989e9e62c838c3c1adc01cd38dbd33de452', '1', 1),
('8', 'Shaylee', 'Bergnaum', 'smitham.lenny@example.com', '3839040d2ba74678331b4561053a2a788d58a6c4', '184', 0),
('9', 'Emelie', 'Auer', 'shanahan.matilda@example.com', 'a33c69947403270ca2fa19c3c387742b5f96ee2f', '0', 0),
('10', 'Eusebio', 'Hilpert', 'apouros@example.com', '337a542c1bb3b8b0930812bfcbbb4d887162243d', '0', 0);


-- friend_requests
DROP TABLE IF EXISTS `friend_requests`;

CREATE TABLE `friend_requests` (
  `initiator_user_id` bigint(20) unsigned NOT NULL,
  `target_user_id` bigint(20) unsigned NOT NULL,
  `status` enum('requested','approved','declined','unfriended') COLLATE utf8_unicode_ci DEFAULT NULL,
  `requested_at` datetime DEFAULT current_timestamp(),
  `updated_at` datetime DEFAULT NULL ON UPDATE current_timestamp(),
  PRIMARY KEY (`initiator_user_id`,`target_user_id`),
  KEY `target_user_id` (`target_user_id`),
  CONSTRAINT `friend_requests_ibfk_1` FOREIGN KEY (`initiator_user_id`) REFERENCES `users` (`id`) ON DELETE CASCADE ON UPDATE CASCADE,
  CONSTRAINT `friend_requests_ibfk_2` FOREIGN KEY (`target_user_id`) REFERENCES `users` (`id`) ON DELETE CASCADE ON UPDATE CASCADE
) ENGINE=InnoDB DEFAULT CHARSET=utf8 COLLATE=utf8_unicode_ci;

INSERT INTO `friend_requests` (`initiator_user_id`, `target_user_id`, `status`, `requested_at`, `updated_at`) VALUES ('1', '1', 'requested', '1987-02-14 07:56:54', '2009-12-03 11:29:06'),
('2', '2', 'requested', '1987-10-12 00:06:00', '1972-12-14 10:06:22'),
('3', '3', 'requested', '1980-12-30 22:37:36', '2007-09-15 16:31:08'),
('4', '4', 'declined', '2003-07-13 14:15:54', '2020-03-12 14:39:07'),
('5', '5', 'approved', '2016-03-14 12:49:48', '1988-05-02 03:29:57'),
('6', '6', 'declined', '1999-11-01 14:17:14', '2017-07-04 17:49:29'),
('7', '7', 'declined', '2017-01-10 04:17:15', '1991-01-01 14:35:49'),
('8', '8', 'declined', '1975-05-17 06:53:23', '1987-12-24 09:07:29'),
('9', '9', 'approved', '2007-02-28 07:55:06', '1976-02-21 01:56:23'),
('10', '10', 'unfriended', '1996-11-25 02:39:39', '2001-05-03 16:28:55');


-- media_types
DROP TABLE IF EXISTS `media_types`;

CREATE TABLE `media_types` (
  `id` bigint(20) unsigned NOT NULL AUTO_INCREMENT,
  `name` varchar(255) COLLATE utf8_unicode_ci DEFAULT NULL,
  `created_at` datetime DEFAULT current_timestamp(),
  `updated_at` datetime DEFAULT current_timestamp() ON UPDATE current_timestamp(),
  PRIMARY KEY (`id`),
  UNIQUE KEY `id` (`id`)
) ENGINE=InnoDB AUTO_INCREMENT=6 DEFAULT CHARSET=utf8 COLLATE=utf8_unicode_ci;

INSERT INTO `media_types` (`id`, `name`, `created_at`, `updated_at`) VALUES ('1', 'totam', '1986-07-11 16:45:00', '1976-09-25 20:30:18'),
('2', 'repellat', '1976-08-28 09:05:11', '1993-01-07 19:57:01'),
('3', 'alias', '1990-10-14 15:34:01', '2005-09-24 11:05:52'),
('4', 'nulla', '2008-10-07 04:53:33', '1973-09-04 18:38:59'),
('5', 'eaque', '1999-12-19 16:47:04', '1972-11-19 21:55:01');


-- messages
DROP TABLE IF EXISTS `messages`;

CREATE TABLE `messages` (
  `id` bigint(20) unsigned NOT NULL AUTO_INCREMENT,
  `from_user_id` bigint(20) unsigned NOT NULL,
  `to_user_id` bigint(20) unsigned NOT NULL,
  `body` text COLLATE utf8_unicode_ci DEFAULT NULL,
  `created_at` datetime DEFAULT current_timestamp(),
  PRIMARY KEY (`id`),
  UNIQUE KEY `id` (`id`),
  KEY `from_user_id` (`from_user_id`),
  KEY `to_user_id` (`to_user_id`),
  CONSTRAINT `messages_ibfk_1` FOREIGN KEY (`from_user_id`) REFERENCES `users` (`id`) ON DELETE CASCADE ON UPDATE CASCADE,
  CONSTRAINT `messages_ibfk_2` FOREIGN KEY (`to_user_id`) REFERENCES `users` (`id`) ON DELETE CASCADE ON UPDATE CASCADE
) ENGINE=InnoDB AUTO_INCREMENT=11 DEFAULT CHARSET=utf8 COLLATE=utf8_unicode_ci;

INSERT INTO `messages` (`id`, `from_user_id`, `to_user_id`, `body`, `created_at`) VALUES ('1', '1', '1', 'Quasi voluptatibus dolores distinctio repellat. Quisquam nam consectetur deleniti temporibus quia minima aut. Eos voluptas sequi nostrum velit soluta nam voluptatem tempore.', '1989-12-10 00:02:05'),
('2', '2', '2', 'Quis deleniti aut porro voluptatem ratione. Odio in non culpa itaque soluta ea voluptatum. Vero cum aut fugiat est explicabo quam qui dolor. Non natus officiis illum et.', '2008-04-24 22:25:51'),
('3', '3', '3', 'Incidunt ullam quae expedita officia. Voluptas sed et nesciunt ratione.', '2015-01-18 05:50:18'),
('4', '4', '4', 'Vitae vero dolore voluptatem blanditiis aliquam. Consequatur qui atque modi voluptas odit ipsa. Quam ullam omnis quas nisi rerum.', '1970-11-10 23:05:50'),
('5', '5', '5', 'Et quam et sapiente nemo sequi. Aut rem consequuntur autem alias ut non. Quis deserunt animi fugiat ut ut blanditiis.', '2002-10-07 23:46:55'),
('6', '6', '6', 'Dolore dolorum sunt animi dolorum omnis enim voluptatum repellendus. Voluptate delectus rerum aliquid voluptate quis et aut voluptatem. Tempora dolores est enim veniam maiores. Non quae quis rerum autem.', '2010-06-06 01:29:02'),
('7', '7', '7', 'Facere voluptatem aut consectetur est ut. Dolorem officia aperiam cumque placeat quis sit repellat. Sit enim enim earum minima iure possimus. Consequuntur rerum nemo et quae modi.', '1994-02-19 00:01:11'),
('8', '8', '8', 'Quisquam voluptatem in et quasi quidem assumenda. Non consequatur voluptas qui molestias voluptatem hic. Vel in nostrum assumenda veniam doloremque qui.', '1976-02-28 08:25:31'),
('9', '9', '9', 'Voluptatibus distinctio ea necessitatibus occaecati ea. Enim at debitis cumque consequatur mollitia ullam. Provident eum fuga explicabo iusto voluptas magnam cum.', '2005-03-25 13:22:53'),
('10', '10', '10', 'Molestias quisquam laudantium eligendi totam nulla. Distinctio velit aut doloremque quod quia ex. Ut excepturi cum doloribus. Numquam consequatur illo perferendis quas aut.', '2000-08-18 04:07:27');


-- photo_albums
DROP TABLE IF EXISTS `photo_albums`;

CREATE TABLE `photo_albums` (
  `id` bigint(20) unsigned NOT NULL AUTO_INCREMENT,
  `title` varchar(150) COLLATE utf8_unicode_ci DEFAULT NULL,
  `user_id` bigint(20) unsigned DEFAULT NULL,
  `created_at` datetime DEFAULT current_timestamp(),
  PRIMARY KEY (`id`),
  UNIQUE KEY `id` (`id`),
  KEY `user_id` (`user_id`),
  CONSTRAINT `photo_albums_ibfk_1` FOREIGN KEY (`user_id`) REFERENCES `users` (`id`) ON DELETE CASCADE ON UPDATE CASCADE
) ENGINE=InnoDB AUTO_INCREMENT=11 DEFAULT CHARSET=utf8 COLLATE=utf8_unicode_ci;

INSERT INTO `photo_albums` (`id`, `title`, `user_id`, `created_at`) VALUES ('1', 'Minus fuga laborum id ad.', '1', '2000-12-28 04:16:07'),
('2', 'Voluptates voluptatem vitae molestiae non perferendis.', '2', '2009-08-29 17:40:39'),
('3', 'Quia temporibus voluptas est laborum fugiat quisquam.', '3', '1994-06-02 15:59:54'),
('4', 'Et laudantium quisquam dolor enim et iste natus optio.', '4', '2018-01-09 10:17:58'),
('5', 'In repudiandae nulla odio iste.', '5', '2004-04-09 23:24:21'),
('6', 'Odit doloribus ipsam aliquam hic.', '6', '1995-07-05 18:41:26'),
('7', 'Nulla qui esse autem.', '7', '1987-12-08 01:34:12'),
('8', 'Ut dolor illo et omnis ut quasi.', '8', '2017-05-05 20:01:22'),
('9', 'Ducimus rerum dolor nulla vel tenetur cupiditate.', '9', '1987-04-08 15:27:15'),
('10', 'Qui ducimus dolor et laudantium.', '10', '2004-10-16 22:54:20');


-- photos
DROP TABLE IF EXISTS `photos`;

CREATE TABLE `photos` (
  `id` bigint(20) unsigned NOT NULL AUTO_INCREMENT,
  `description` text COLLATE utf8_unicode_ci DEFAULT NULL,
  `album_id` bigint(20) unsigned DEFAULT NULL,
  `user_id` bigint(20) unsigned DEFAULT NULL,
  `created_at` datetime DEFAULT current_timestamp(),
  PRIMARY KEY (`id`),
  UNIQUE KEY `id` (`id`),
  KEY `user_id` (`user_id`),
  KEY `album_id` (`album_id`),
  CONSTRAINT `photos_ibfk_1` FOREIGN KEY (`user_id`) REFERENCES `users` (`id`) ON DELETE CASCADE ON UPDATE CASCADE,
  CONSTRAINT `photos_ibfk_2` FOREIGN KEY (`album_id`) REFERENCES `photo_albums` (`id`) ON DELETE SET NULL ON UPDATE CASCADE
) ENGINE=InnoDB AUTO_INCREMENT=11 DEFAULT CHARSET=utf8 COLLATE=utf8_unicode_ci;

INSERT INTO `photos` (`id`, `description`, `album_id`, `user_id`, `created_at`) VALUES ('1', 'Aut aut atque voluptas nulla. Voluptatem enim magnam minima non alias veritatis et. Modi dolore id temporibus dolorem similique qui sunt. Officia ratione nostrum corporis est.', '1', '1', '1970-10-11 10:37:53'),
('2', 'Aut vel doloremque numquam dolores minus suscipit. Voluptas aspernatur omnis molestiae eligendi debitis. Illum soluta reiciendis accusamus quo omnis. Facilis quae quas sit enim consequatur odio.', '2', '2', '1988-12-24 16:50:01'),
('3', 'Dicta tempora et quia atque doloremque ea fugit. Accusamus non qui nihil dolorum. A temporibus et aut aliquid. Ullam necessitatibus sequi sapiente quia.', '3', '3', '2005-08-11 12:14:11'),
('4', 'Dolorem enim laboriosam ut et aliquid soluta ea. Similique expedita id qui. Suscipit asperiores aut non voluptas neque doloribus expedita. Id officia quia at fugiat.', '4', '4', '1989-07-30 18:17:12'),
('5', 'Sed illo reprehenderit hic non. Non sed adipisci magni vero dolor aut voluptatem. Qui molestiae occaecati cum ea odit quos ex.', '5', '5', '2021-03-10 21:46:38'),
('6', 'Cumque amet rerum et eum eos inventore pariatur magnam. Voluptas eos cupiditate omnis quaerat. Sunt sit ut fuga. Eos voluptas commodi eveniet deserunt eaque dolores blanditiis.', '6', '6', '2000-09-26 13:56:38'),
('7', 'Sunt aut atque adipisci. Labore sapiente molestias voluptatem. Recusandae nam est amet cum non. In in harum voluptate dolore.', '7', '7', '1992-05-06 21:44:52'),
('8', 'Ullam eum aut ad sit. Culpa id qui tempore nostrum occaecati quos est. Aut omnis aliquam sit.', '8', '8', '1994-05-23 21:23:13'),
('9', 'Doloremque in sed ea. Molestias consequatur ut non recusandae dolorem eos nihil molestiae. Et et beatae temporibus pariatur voluptatem quasi.', '9', '9', '2004-05-15 22:33:34'),
('10', 'Dolores amet dicta eveniet qui tempore qui et. Suscipit ut ab nulla tenetur dicta voluptas ut. Nihil voluptas ut accusantium ut quo sapiente.', '10', '10', '2020-06-25 10:14:39');


-- photos_comments
DROP TABLE IF EXISTS `photos_comments`;

CREATE TABLE `photos_comments` (
  `id` bigint(20) unsigned NOT NULL AUTO_INCREMENT,
  `comment` text COLLATE utf8_unicode_ci DEFAULT NULL,
  `photo_id` bigint(20) unsigned DEFAULT NULL,
  `author_id` bigint(20) unsigned DEFAULT NULL,
  `created_at` datetime DEFAULT current_timestamp(),
  PRIMARY KEY (`id`),
  UNIQUE KEY `id` (`id`),
  KEY `photo_id` (`photo_id`),
  KEY `author_id` (`author_id`),
  CONSTRAINT `photos_comments_ibfk_1` FOREIGN KEY (`photo_id`) REFERENCES `photos` (`id`) ON DELETE CASCADE ON UPDATE CASCADE,
  CONSTRAINT `photos_comments_ibfk_2` FOREIGN KEY (`author_id`) REFERENCES `users` (`id`) ON DELETE CASCADE ON UPDATE CASCADE
) ENGINE=InnoDB AUTO_INCREMENT=11 DEFAULT CHARSET=utf8 COLLATE=utf8_unicode_ci;

INSERT INTO `photos_comments` (`id`, `comment`, `photo_id`, `author_id`, `created_at`) VALUES ('1', 'HIM TO YOU,\"\' said Alice. \'I don\'t believe there\'s an atom of meaning in it,\' said the Cat, and vanished again. Alice waited patiently until it chose to speak good English); \'now I\'m opening out.', '1', '1', '1979-04-23 17:57:45'),
('2', 'Alice, that she remained the same thing as \"I sleep when I got up and saying, \'Thank you, it\'s a very truthful child; \'but little girls in my kitchen AT ALL. Soup does very well as she went on to.', '2', '2', '2001-09-21 00:42:02'),
('3', 'YET,\' she said this, she noticed a curious plan!\' exclaimed Alice. \'And be quick about it,\' added the March Hare said to herself, \'the way all the first figure!\' said the White Rabbit returning,.', '3', '3', '1980-06-22 22:23:46'),
('4', 'Mock Turtle, and said nothing. \'Perhaps it hasn\'t one,\' Alice ventured to ask. \'Suppose we change the subject. \'Ten hours the first figure!\' said the Gryphon. \'The reason is,\' said the Gryphon..', '4', '4', '2012-07-05 20:56:50'),
('5', 'Alice\'s head. \'Is that the Gryphon interrupted in a natural way again. \'I wonder what you\'re doing!\' cried Alice, with a melancholy tone: \'it doesn\'t seem to come once a week: HE taught us Drawling,.', '5', '5', '2003-02-10 12:51:22'),
('6', 'Alice\'s head. \'Is that all?\' said the Queen, who was beginning to see the Hatter continued, \'in this way:-- \"Up above the world she was beginning to get rather sleepy, and went on: \'--that begins.', '6', '6', '1997-12-17 09:48:46'),
('7', 'Queen, \'and he shall tell you my adventures--beginning from this morning,\' said Alice doubtfully: \'it means--to--make--anything--prettier.\' \'Well, then,\' the Cat went on, \'What\'s your name, child?\'.', '7', '7', '2015-07-16 13:44:01'),
('8', 'Seven said nothing, but looked at poor Alice, \'it would have this cat removed!\' The Queen turned crimson with fury, and, after folding his arms and legs in all directions, tumbling up against each.', '8', '8', '1991-07-23 04:12:48'),
('9', 'Hatter added as an explanation; \'I\'ve none of them hit her in the middle, wondering how she would get up and straightening itself out again, so that by the whole thing, and longed to change the.', '9', '9', '1986-08-25 10:44:59'),
('10', 'Magpie began wrapping itself up very carefully, nibbling first at one and then hurried on, Alice started to her in the sea. The master was an uncomfortably sharp chin. However, she got used to read.', '10', '10', '2015-11-14 11:57:18');


-- photos_shares
DROP TABLE IF EXISTS `photos_shares`;

CREATE TABLE `photos_shares` (
  `photo_id` bigint(20) unsigned NOT NULL,
  `share_user_id` bigint(20) unsigned NOT NULL,
  PRIMARY KEY (`photo_id`,`share_user_id`),
  KEY `share_user_id` (`share_user_id`),
  CONSTRAINT `photos_shares_ibfk_1` FOREIGN KEY (`photo_id`) REFERENCES `photos` (`id`) ON DELETE CASCADE ON UPDATE CASCADE,
  CONSTRAINT `photos_shares_ibfk_2` FOREIGN KEY (`share_user_id`) REFERENCES `users` (`id`) ON DELETE CASCADE ON UPDATE CASCADE
) ENGINE=InnoDB DEFAULT CHARSET=utf8 COLLATE=utf8_unicode_ci;

INSERT INTO `photos_shares` (`photo_id`, `share_user_id`) VALUES ('1', '1'),
('2', '2'),
('3', '3'),
('4', '4'),
('5', '5'),
('6', '6'),
('7', '7'),
('8', '8'),
('9', '9'),
('10', '10');


-- communities
DROP TABLE IF EXISTS `communities`;
CREATE TABLE `communities` (
  `id` bigint(20) unsigned NOT NULL AUTO_INCREMENT,
  `name` varchar(150) COLLATE utf8_unicode_ci DEFAULT NULL,
  `admin_user_id` bigint(20) unsigned DEFAULT NULL,
  PRIMARY KEY (`id`),
  UNIQUE KEY `id` (`id`),
  KEY `communities_name_idx` (`name`),
  KEY `admin_user_id` (`admin_user_id`),
  CONSTRAINT `communities_ibfk_1` FOREIGN KEY (`admin_user_id`) REFERENCES `users` (`id`) ON DELETE SET NULL ON UPDATE CASCADE
) ENGINE=InnoDB AUTO_INCREMENT=11 DEFAULT CHARSET=utf8 COLLATE=utf8_unicode_ci;

INSERT INTO `communities` (`id`, `name`, `admin_user_id`) VALUES ('1', 'porro', '1'),
('2', 'perspiciatis', '2'),
('3', 'vero', '3'),
('4', 'temporibus', '4'),
('5', 'qui', '5'),
('6', 'rerum', '6'),
('7', 'incidunt', '7'),
('8', 'enim', '8'),
('9', 'ex', '9'),
('10', 'ea', '10');


-- users_communities
DROP TABLE IF EXISTS `users_communities`;

CREATE TABLE `users_communities` (
  `user_id` bigint(20) unsigned NOT NULL,
  `community_id` bigint(20) unsigned NOT NULL,
  PRIMARY KEY (`user_id`,`community_id`),
  KEY `community_id` (`community_id`),
  CONSTRAINT `users_communities_ibfk_1` FOREIGN KEY (`user_id`) REFERENCES `users` (`id`) ON DELETE CASCADE ON UPDATE CASCADE,
  CONSTRAINT `users_communities_ibfk_2` FOREIGN KEY (`community_id`) REFERENCES `communities` (`id`) ON DELETE CASCADE ON UPDATE CASCADE
) ENGINE=InnoDB DEFAULT CHARSET=utf8 COLLATE=utf8_unicode_ci;

INSERT INTO `users_communities` (`user_id`, `community_id`) VALUES ('1', '1'),
('2', '2'),
('3', '3'),
('4', '4'),
('5', '5'),
('6', '6'),
('7', '7'),
('8', '8'),
('9', '9'),
('10', '10');


-- profiles
DROP TABLE IF EXISTS `profiles`;

CREATE TABLE `profiles` (
  `user_id` bigint(20) unsigned NOT NULL AUTO_INCREMENT,
  `gender` char(1) COLLATE utf8_unicode_ci DEFAULT NULL,
  `birthday` date DEFAULT NULL,
  `photo_id` bigint(20) unsigned DEFAULT NULL,
  `created_at` datetime DEFAULT current_timestamp(),
  `hometown` varchar(100) COLLATE utf8_unicode_ci DEFAULT NULL,
  PRIMARY KEY (`user_id`),
  UNIQUE KEY `user_id` (`user_id`),
  CONSTRAINT `fk_user_id` FOREIGN KEY (`user_id`) REFERENCES `users` (`id`) ON DELETE CASCADE ON UPDATE CASCADE
) ENGINE=InnoDB AUTO_INCREMENT=11 DEFAULT CHARSET=utf8 COLLATE=utf8_unicode_ci;

INSERT INTO `profiles` (`user_id`, `gender`, `birthday`, `photo_id`, `created_at`, `hometown`) VALUES ('1', 'm', '2013-02-14', '1', '1987-08-29 14:15:32', 'New Araville'),
('2', 'f', '2004-12-05', '2', '1996-07-31 06:13:16', 'North Justen'),
('3', 'f', '2004-09-25', '3', '1977-03-18 14:48:12', 'Lake Brandyland'),
('4', 'm', '1979-04-13', '4', '1987-09-09 01:35:44', 'Beahanberg'),
('5', 'm', '2016-12-28', '5', '2018-04-17 18:22:54', 'North Emmaleemouth'),
('6', 'm', '1996-05-14', '6', '1984-10-09 20:35:01', 'Lizafurt'),
('7', 'f', '2002-01-23', '7', '1980-05-13 15:16:09', 'Beattyhaven'),
('8', 'f', '1996-06-27', '8', '2021-11-24 01:25:38', 'Ryanview'),
('9', 'm', '1995-01-18', '9', '1991-04-26 19:57:29', 'Port Katlynn'),
('10', 'f', '2016-01-04', '10', '2009-12-20 15:47:38', 'Adahport');
